id,category,niveau,context,sentence,choices,correct_answer,explanation_fr,explanation_en,common_mistake_fr,extra_example_fr,difficulty
definis-001,definis,A2 CECR / Échelle québécoise 3-4,cuisine,Je range ___ assiettes dans l’armoire.,"['le', 'la', 'l’', 'les']",les,On utilise « les » avec un nom pluriel précis.,Use “les” with a specific plural noun.,« la » serait singulier féminin.,Je lave les verres.,1
definis-002,definis,A2 CECR / Échelle québécoise 3-4,maison,"Ferme ___ porte, s’il te plaît.","['le', 'la', 'l’', 'les']",la,On utilise « la » avec un nom féminin singulier précis.,Use “la” with a specific feminine singular noun.,« le » serait masculin singulier.,J’ouvre la fenêtre.,1
definis-003,definis,A2 CECR / Échelle québécoise 3-4,transport,J’attends ___ autobus devant l’école.,"['le', 'la', 'l’', 'les']",l’,On utilise « l’ » devant un nom singulier qui commence par une voyelle.,Use “l’” before a singular noun starting with a vowel.,« le » devient « l’ » devant une voyelle.,Je prends l’avion demain.,1
definis-004,definis,A2 CECR / Échelle québécoise 3-4,travail,___ bureau de mon collègue est propre.,"['Le', 'La', 'L’', 'Les']",Le,On utilise « le » avec un nom masculin singulier précis.,Use “le” with a specific masculine singular noun.,« la » serait féminin singulier.,Le téléphone sonne.,1
definis-005,definis,A2 CECR / Échelle québécoise 3-4,famille,___ enfants jouent dans le parc.,"['Le', 'La', 'L’', 'Les']",Les,On utilise « les » avec un nom pluriel précis.,Use “les” with a specific plural noun.,« l’ » est singulier devant voyelle.,Les voisins sont gentils.,1
definis-006,definis,A2 CECR / Échelle québécoise 3-4,épicerie,Je prends ___ lait dans le frigo.,"['le', 'la', 'l’', 'les']",le,"« Lait » est masculin singulier, donc on utilise « le » quand il est précis.","“Lait” is masculine singular, so use “le” when it is specific.",« la » ne convient pas parce que « lait » est masculin.,Le pain est sur la table.,1
definis-007,definis,A2 CECR / Échelle québécoise 3-4,vêtements,Où sont ___ chaussures noires?,"['le', 'la', 'l’', 'les']",les,"« Chaussures » est pluriel, donc on utilise « les ».","“Chaussures” is plural, so use “les”.",« la » serait singulier.,Les bottes sont près de la porte.,1
definis-008,definis,A2 CECR / Échelle québécoise 3-4,santé,J’ai rendez-vous avec ___ médecin.,"['le', 'la', 'l’', 'les']",le,On utilise « le » avec « médecin » quand on parle d’un médecin précis.,Use “le” when talking about a specific doctor.,"« un » serait non précis, mais ici on choisit un article défini.",Je vois le dentiste.,1
definis-009,definis,A2 CECR / Échelle québécoise 3-4,école,___ examen commence à neuf heures.,"['Le', 'La', 'L’', 'Les']",L’,"« Examen » commence par une voyelle, donc « le » devient « l’ ».","“Examen” begins with a vowel, so “le” becomes “l’”.",« le examen » est incorrect.,L’exercice est facile.,1
definis-010,definis,A2 CECR / Échelle québécoise 3-4,quartier,Je connais ___ rue Saint-Denis.,"['le', 'la', 'l’', 'les']",la,"« Rue » est féminin singulier, donc on utilise « la ».","“Rue” is feminine singular, so use “la”.",« le » serait masculin.,La station est proche.,1
definis-011,definis,A2 CECR / Échelle québécoise 3-4,restaurant,___ menu est sur la table.,"['Le', 'La', 'L’', 'Les']",Le,"« Menu » est masculin singulier, donc on utilise « le ».","“Menu” is masculine singular, so use “le”.",« la » ne convient pas avec « menu ».,Le serveur arrive.,1
definis-012,definis,A2 CECR / Échelle québécoise 3-4,loisirs,J’écoute ___ radio le matin.,"['le', 'la', 'l’', 'les']",la,"« Radio » est féminin singulier, donc on utilise « la ».","“Radio” is feminine singular, so use “la”.",« le » serait masculin.,La musique est belle.,1
definis-013,definis,A2 CECR / Échelle québécoise 3-4,météo,___ hiver est long au Québec.,"['Le', 'La', 'L’', 'Les']",L’,"« Hiver » commence par un h muet, donc on utilise « l’ ».","“Hiver” starts with a silent h, so use “l’”.",« le hiver » ne se dit pas.,L’automne est beau.,1
definis-014,definis,A2 CECR / Échelle québécoise 3-4,appartement,Je nettoie ___ salon.,"['le', 'la', 'l’', 'les']",le,"« Salon » est masculin singulier, donc on utilise « le ».","“Salon” is masculine singular, so use “le”.",« la » serait féminin.,Le balcon est petit.,1
definis-015,definis,A2 CECR / Échelle québécoise 3-4,famille,___ mère de Julie travaille aujourd’hui.,"['Le', 'La', 'L’', 'Les']",La,"« Mère » est féminin singulier, donc on utilise « la ».","“Mère” is feminine singular, so use “la”.",« le » serait masculin.,La sœur de Marc arrive.,1
definis-016,definis,A2 CECR / Échelle québécoise 3-4,ville,Je visite ___ musée demain.,"['le', 'la', 'l’', 'les']",le,"« Musée » est masculin singulier, donc on utilise « le ».","“Musée” is masculine singular, so use “le”.",« la » ne convient pas avec « musée ».,Le marché est ouvert.,1
definis-017,definis,A2 CECR / Échelle québécoise 3-4,animaux,___ chien de mon voisin aboie.,"['Le', 'La', 'L’', 'Les']",Le,"« Chien » est masculin singulier, donc on utilise « le ».","“Chien” is masculine singular, so use “le”.",« la » serait féminin.,Le chat dort.,1
definis-018,definis,A2 CECR / Échelle québécoise 3-4,magasin,Je paie ___ facture.,"['le', 'la', 'l’', 'les']",la,"« Facture » est féminin singulier, donc on utilise « la ».","“Facture” is feminine singular, so use “la”.",« le » serait masculin.,La carte est valide.,1
definis-019,definis,A2 CECR / Échelle québécoise 3-4,temps,___ journée est très chargée.,"['Le', 'La', 'L’', 'Les']",La,"« Journée » est féminin singulier, donc on utilise « la ».","“Journée” is feminine singular, so use “la”.",« le » serait masculin.,La semaine passe vite.,1
definis-020,definis,A2 CECR / Échelle québécoise 3-4,travail,Je lis ___ courriels du matin.,"['le', 'la', 'l’', 'les']",les,"« Courriels » est pluriel, donc on utilise « les ».","“Courriels” is plural, so use “les”.",« le » serait singulier.,Les messages sont importants.,1
definis-021,definis,A2 CECR / Échelle québécoise 3-4,santé,___ infirmière explique le traitement.,"['Le', 'La', 'L’', 'Les']",L’,"« Infirmière » commence par une voyelle, donc on utilise « l’ ».","“Infirmière” begins with a vowel, so use “l’”.",« la infirmière » est incorrect.,L’amie de Paul arrive.,1
definis-022,definis,A2 CECR / Échelle québécoise 3-4,café,Je prends ___ café sur le comptoir.,"['le', 'la', 'l’', 'les']",le,"Ici, le café est précis: celui sur le comptoir. On utilise « le ».",Here the coffee is specific: the one on the counter. Use “le”.,« du » indiquerait une quantité non précise.,Le jus est froid.,1
definis-023,definis,A2 CECR / Échelle québécoise 3-4,école,___ professeure donne un devoir.,"['Le', 'La', 'L’', 'Les']",La,"« Professeure » est féminin singulier, donc on utilise « la ».","“Professeure” is feminine singular, so use “la”.",« le » serait masculin.,La classe commence.,1
definis-024,definis,A2 CECR / Échelle québécoise 3-4,transport,Je cherche ___ station de métro.,"['le', 'la', 'l’', 'les']",la,"« Station » est féminin singulier, donc on utilise « la ».","“Station” is feminine singular, so use “la”.",« le » serait masculin.,La voiture est rouge.,1
definis-025,definis,A2 CECR / Échelle québécoise 3-4,loisirs,___ amis arrivent à dix-huit heures.,"['Le', 'La', 'L’', 'Les']",Les,"« Amis » est pluriel, donc on utilise « les ».","“Amis” is plural, so use “les”.",« l’ » est singulier.,Les collègues mangent ensemble.,1
definis-026,definis,A2 CECR / Échelle québécoise 3-4,administration,Je signe ___ document.,"['le', 'la', 'l’', 'les']",le,"« Document » est masculin singulier, donc on utilise « le ».","“Document” is masculine singular, so use “le”.",« la » serait féminin.,Le formulaire est long.,1
definis-027,definis,A2 CECR / Échelle québécoise 3-4,épicerie,___ orange est dans le sac.,"['Le', 'La', 'L’', 'Les']",L’,"« Orange » commence par une voyelle, donc on utilise « l’ ».","“Orange” begins with a vowel, so use “l’”.",« la orange » est incorrect.,L’eau est froide.,1
definis-028,definis,A2 CECR / Échelle québécoise 3-4,vêtements,Je mets ___ manteau parce qu’il fait froid.,"['le', 'la', 'l’', 'les']",le,"« Manteau » est masculin singulier, donc on utilise « le ».","“Manteau” is masculine singular, so use “le”.",« la » serait féminin.,Le chandail est chaud.,1
definis-029,definis,A2 CECR / Échelle québécoise 3-4,maison,___ clés sont sur la table.,"['Le', 'La', 'L’', 'Les']",Les,"« Clés » est pluriel, donc on utilise « les ».","“Clés” is plural, so use “les”.",« la » serait singulier.,Les lunettes sont ici.,1
definis-030,definis,A2 CECR / Échelle québécoise 3-4,rendez-vous,J’appelle ___ clinique.,"['le', 'la', 'l’', 'les']",la,"« Clinique » est féminin singulier, donc on utilise « la ».","“Clinique” is feminine singular, so use “la”.",« le » serait masculin.,La pharmacie ferme tard.,1
indefinis-001,indefinis,A2 CECR / Échelle québécoise 3-4,présentation,J’ai ___ frère et deux sœurs.,"['un', 'une', 'des', 'de']",un,On utilise « un » avec un nom masculin singulier non précis.,Use “un” with a non-specific masculine singular noun.,« une » serait féminin.,J’ai un ami à Québec.,1
indefinis-002,indefinis,A2 CECR / Échelle québécoise 3-4,école,Elle achète ___ cahier pour son cours.,"['un', 'une', 'des', 'de']",un,"« Cahier » est masculin singulier, donc on utilise « un ».","“Cahier” is masculine singular, so use “un”.",« une » serait féminin.,Il apporte un crayon.,1
indefinis-003,indefinis,A2 CECR / Échelle québécoise 3-4,maison,Il y a ___ chaise près de la fenêtre.,"['un', 'une', 'des', 'de']",une,"« Chaise » est féminin singulier, donc on utilise « une ».","“Chaise” is feminine singular, so use “une”.",« un » serait masculin.,Voici une table.,1
indefinis-004,indefinis,A2 CECR / Échelle québécoise 3-4,épicerie,Je veux acheter ___ pommes.,"['un', 'une', 'des', 'de']",des,"« Pommes » est pluriel, donc on utilise « des ».","“Pommes” is plural, so use “des”.",« une » serait singulier.,J’achète des bananes.,1
indefinis-005,indefinis,A2 CECR / Échelle québécoise 3-4,travail,Mon collègue a ___ question.,"['un', 'une', 'des', 'de']",une,"« Question » est féminin singulier, donc on utilise « une ».","“Question” is feminine singular, so use “une”.",« un » serait masculin.,J’ai une réponse.,1
indefinis-006,indefinis,A2 CECR / Échelle québécoise 3-4,restaurant,Nous cherchons ___ table pour deux personnes.,"['un', 'une', 'des', 'de']",une,"« Table » est féminin singulier, donc on utilise « une ».","“Table” is feminine singular, so use “une”.",« un » serait masculin.,Une réservation est nécessaire.,1
indefinis-007,indefinis,A2 CECR / Échelle québécoise 3-4,transport,Je prends ___ taxi ce soir.,"['un', 'une', 'des', 'de']",un,"« Taxi » est masculin singulier, donc on utilise « un ».","“Taxi” is masculine singular, so use “un”.",« une » serait féminin.,Un autobus arrive.,1
indefinis-008,indefinis,A2 CECR / Échelle québécoise 3-4,santé,Elle cherche ___ pharmacie ouverte.,"['un', 'une', 'des', 'de']",une,"« Pharmacie » est féminin singulier, donc on utilise « une ».","“Pharmacie” is feminine singular, so use “une”.",« un » serait masculin.,Une clinique est proche.,1
indefinis-009,indefinis,A2 CECR / Échelle québécoise 3-4,quartier,Il y a ___ restaurants sur cette rue.,"['un', 'une', 'des', 'de']",des,"« Restaurants » est pluriel, donc on utilise « des ».","“Restaurants” is plural, so use “des”.",« un » serait singulier.,Il y a des magasins.,1
indefinis-010,indefinis,A2 CECR / Échelle québécoise 3-4,famille,C’est ___ cousin de Montréal.,"['un', 'une', 'des', 'de']",un,"« Cousin » est masculin singulier, donc on utilise « un ».","“Cousin” is masculine singular, so use “un”.",« une » serait féminin.,C’est un voisin.,1
indefinis-011,indefinis,A2 CECR / Échelle québécoise 3-4,loisirs,Je regarde ___ film québécois.,"['un', 'une', 'des', 'de']",un,"« Film » est masculin singulier, donc on utilise « un ».","“Film” is masculine singular, so use “un”.",« une » serait féminin.,Je lis un livre.,1
indefinis-012,indefinis,A2 CECR / Échelle québécoise 3-4,cuisine,Elle prépare ___ soupe aux légumes.,"['un', 'une', 'des', 'de']",une,"« Soupe » est féminin singulier, donc on utilise « une ».","“Soupe” is feminine singular, so use “une”.",« un » serait masculin.,Elle fait une salade.,1
indefinis-013,indefinis,A2 CECR / Échelle québécoise 3-4,appartement,Nous visitons ___ appartement demain.,"['un', 'une', 'des', 'de']",un,"« Appartement » est masculin singulier, donc on utilise « un ».","“Appartement” is masculine singular, so use “un”.","Même devant voyelle, l’article indéfini reste « un ».",Je cherche un emploi.,1
indefinis-014,indefinis,A2 CECR / Échelle québécoise 3-4,vêtements,Il porte ___ bottes d’hiver.,"['un', 'une', 'des', 'de']",des,"« Bottes » est pluriel, donc on utilise « des ».","“Bottes” is plural, so use “des”.",« une » serait singulier.,Elle porte des gants.,1
indefinis-015,indefinis,A2 CECR / Échelle québécoise 3-4,administration,Je remplis ___ formulaire.,"['un', 'une', 'des', 'de']",un,"« Formulaire » est masculin singulier, donc on utilise « un ».","“Formulaire” is masculine singular, so use “un”.",« une » serait féminin.,Je signe un document.,1
indefinis-016,indefinis,A2 CECR / Échelle québécoise 3-4,temps,Nous avons ___ réunion à midi.,"['un', 'une', 'des', 'de']",une,"« Réunion » est féminin singulier, donc on utilise « une ».","“Réunion” is feminine singular, so use “une”.",« un » serait masculin.,J’ai une pause.,1
indefinis-017,indefinis,A2 CECR / Échelle québécoise 3-4,école,Les étudiants font ___ exercices.,"['un', 'une', 'des', 'de']",des,"« Exercices » est pluriel, donc on utilise « des ».","“Exercices” is plural, so use “des”.",« un » serait singulier.,Ils font des devoirs.,1
indefinis-018,indefinis,A2 CECR / Échelle québécoise 3-4,travail,Elle cherche ___ emploi.,"['un', 'une', 'des', 'de']",un,"« Emploi » est masculin singulier, donc on utilise « un ».","“Emploi” is masculine singular, so use “un”.",« une » serait féminin.,Il trouve un stage.,1
indefinis-019,indefinis,A2 CECR / Échelle québécoise 3-4,météo,Il y a ___ orage ce soir.,"['un', 'une', 'des', 'de']",un,"« Orage » est masculin singulier, donc on utilise « un ».","“Orage” is masculine singular, so use “un”.",« une » serait féminin.,Il y a un vent fort.,1
indefinis-020,indefinis,A2 CECR / Échelle québécoise 3-4,animaux,Ma sœur a ___ voiture noire.,"['un', 'une', 'des', 'de']",une,"« Voiture » est féminin singulier, donc on utilise « une ».","“Voiture” is feminine singular, so use “une”.",« un » serait masculin.,Elle a une bicyclette.,1
indefinis-021,indefinis,A2 CECR / Échelle québécoise 3-4,magasin,J’achète ___ cadeau pour mon ami.,"['un', 'une', 'des', 'de']",un,"« Cadeau » est masculin singulier, donc on utilise « un ».","“Cadeau” is masculine singular, so use “un”.",« une » serait féminin.,J’achète un billet.,1
indefinis-022,indefinis,A2 CECR / Échelle québécoise 3-4,café,"Je voudrais ___ muffin, s’il vous plaît.","['un', 'une', 'des', 'de']",un,"« Muffin » est masculin singulier, donc on utilise « un ».","“Muffin” is masculine singular, so use “un”.",« une » serait féminin.,Je prends un café.,1
indefinis-023,indefinis,A2 CECR / Échelle québécoise 3-4,restaurant,Ils commandent ___ pizzas.,"['un', 'une', 'des', 'de']",des,"« Pizzas » est pluriel, donc on utilise « des ».","“Pizzas” is plural, so use “des”.",« une » serait singulier.,Ils mangent des frites.,1
indefinis-024,indefinis,A2 CECR / Échelle québécoise 3-4,santé,J’ai ___ allergie.,"['un', 'une', 'des', 'de']",une,"« Allergie » est féminin singulier, donc on utilise « une ».","“Allergie” is feminine singular, so use “une”.",« un » serait masculin.,J’ai une douleur.,1
indefinis-025,indefinis,A2 CECR / Échelle québécoise 3-4,ville,Nous visitons ___ église ancienne.,"['un', 'une', 'des', 'de']",une,"« Église » est féminin singulier, donc on utilise « une ».","“Église” is feminine singular, so use “une”.",« un » serait masculin.,Nous voyons une exposition.,1
indefinis-026,indefinis,A2 CECR / Échelle québécoise 3-4,transport,Il achète ___ billets de métro.,"['un', 'une', 'des', 'de']",des,"« Billets » est pluriel, donc on utilise « des ».","“Billets” is plural, so use “des”.",« un » serait singulier.,Il achète des passes.,1
indefinis-027,indefinis,A2 CECR / Échelle québécoise 3-4,maison,Je cherche ___ lampe pour le salon.,"['un', 'une', 'des', 'de']",une,"« Lampe » est féminin singulier, donc on utilise « une ».","“Lampe” is feminine singular, so use “une”.",« un » serait masculin.,Je veux une plante.,1
indefinis-028,indefinis,A2 CECR / Échelle québécoise 3-4,famille,Elle a ___ enfants.,"['un', 'une', 'des', 'de']",des,"« Enfants » est pluriel, donc on utilise « des ».","“Enfants” is plural, so use “des”.",« un » serait singulier.,Ils ont des cousins.,1
indefinis-029,indefinis,A2 CECR / Échelle québécoise 3-4,loisirs,Je veux prendre ___ photos au parc.,"['un', 'une', 'des', 'de']",des,"« Photos » est pluriel, donc on utilise « des ».","“Photos” is plural, so use “des”.",« une » serait singulier.,Je prends des vidéos.,1
indefinis-030,indefinis,A2 CECR / Échelle québécoise 3-4,épicerie,Il achète ___ tomate rouge.,"['un', 'une', 'des', 'de']",une,"« Tomate » est féminin singulier, donc on utilise « une ».","“Tomate” is feminine singular, so use “une”.",« un » serait masculin.,Il coupe une carotte.,1
partitifs-001,partitifs,A2 CECR / Échelle québécoise 3-4,épicerie,Je voudrais ___ pain.,"['le', 'un', 'du', 'des']",du,On utilise « du » avec un nom masculin singulier quand la quantité n’est pas précise.,Use “du” with masculine singular nouns for an unspecified quantity.,« le » parle d’un pain précis.,Je mange du fromage.,1
partitifs-002,partitifs,A2 CECR / Échelle québécoise 3-4,café,Elle boit ___ eau.,"['du', 'de la', 'de l’', 'des']",de l’,On utilise « de l’ » devant un nom qui commence par une voyelle.,Use “de l’” before a noun starting with a vowel.,« de la eau » est incorrect.,Je prends de l’huile.,1
partitifs-003,partitifs,A2 CECR / Échelle québécoise 3-4,restaurant,Nous mangeons ___ soupe.,"['du', 'de la', 'de l’', 'des']",de la,"« Soupe » est féminin singulier, donc on utilise « de la ».","“Soupe” is feminine singular, so use “de la”.",« du » serait masculin.,Elle mange de la salade.,1
partitifs-004,partitifs,A2 CECR / Échelle québécoise 3-4,cuisine,Il met ___ beurre sur son pain.,"['du', 'de la', 'de l’', 'des']",du,"« Beurre » est masculin singulier, donc on utilise « du ».","“Beurre” is masculine singular, so use “du”.",« de la » serait féminin.,Il ajoute du sel.,1
partitifs-005,partitifs,A2 CECR / Échelle québécoise 3-4,épicerie,J’achète ___ légumes.,"['du', 'de la', 'de l’', 'des']",des,On utilise « des » avec un nom pluriel pour une quantité non précise.,Use “des” with plural nouns for an unspecified quantity.,« du » est singulier masculin.,J’achète des fruits.,1
partitifs-006,partitifs,A2 CECR / Échelle québécoise 3-4,café,Tu veux ___ café?,"['le', 'un', 'du', 'de la']",du,On utilise « du » pour une quantité non précise de café.,Use “du” for an unspecified amount of coffee.,« le café » veut dire un café précis ou le café en général.,Je veux du thé.,1
partitifs-007,partitifs,A2 CECR / Échelle québécoise 3-4,repas,Je prends ___ riz avec le poulet.,"['du', 'de la', 'de l’', 'des']",du,"« Riz » est masculin singulier, donc on utilise « du ».","“Riz” is masculine singular, so use “du”.",« des » serait pluriel.,Je prends du couscous.,1
partitifs-008,partitifs,A2 CECR / Échelle québécoise 3-4,épicerie,Elle achète ___ confiture.,"['du', 'de la', 'de l’', 'des']",de la,"« Confiture » est féminin singulier, donc on utilise « de la ».","“Confiture” is feminine singular, so use “de la”.",« du » serait masculin.,Elle achète de la crème.,1
partitifs-009,partitifs,A2 CECR / Échelle québécoise 3-4,cuisine,Il ajoute ___ oignons.,"['du', 'de la', 'de l’', 'des']",des,"« Oignons » est pluriel, donc on utilise « des ».","“Oignons” is plural, so use “des”.",« de l’ » est singulier.,Il ajoute des épices.,1
partitifs-010,partitifs,A2 CECR / Échelle québécoise 3-4,restaurant,Je ne veux pas ___ dessert.,"['du', 'de la', 'de l’', 'de']",de,"À la forme négative, les articles partitifs deviennent souvent « de » ou « d’ ».","In the negative form, partitive articles often become “de” or “d’”.",« du » devient « de » après « pas ».,Je ne bois pas de café.,1
partitifs-011,partitifs,A2 CECR / Échelle québécoise 3-4,épicerie,Je n’achète pas ___ huile aujourd’hui.,"['du', 'de la', 'de l’', 'd’']",d’,"Devant une voyelle, « de » devient « d’ » à la forme négative.","Before a vowel, “de” becomes “d’” in the negative form.",« de l’ » devient « d’ » après « pas ».,Je ne veux pas d’eau.,1
partitifs-012,partitifs,A2 CECR / Échelle québécoise 3-4,cuisine,Nous avons ___ farine.,"['du', 'de la', 'de l’', 'des']",de la,"« Farine » est féminin singulier, donc on utilise « de la ».","“Farine” is feminine singular, so use “de la”.",« du » serait masculin.,Nous avons de la levure.,1
partitifs-013,partitifs,A2 CECR / Échelle québécoise 3-4,déjeuner,Il mange ___ céréales le matin.,"['du', 'de la', 'de l’', 'des']",des,"« Céréales » est pluriel, donc on utilise « des ».","“Céréales” is plural, so use “des”.",« de la » serait singulier féminin.,Elle mange des fruits.,1
partitifs-014,partitifs,A2 CECR / Échelle québécoise 3-4,repas,Je prends ___ poulet.,"['du', 'de la', 'de l’', 'des']",du,"« Poulet » est masculin singulier, donc on utilise « du ».","“Poulet” is masculine singular, so use “du”.","« le » serait précis, pas une quantité.",Je mange du poisson.,1
partitifs-015,partitifs,A2 CECR / Échelle québécoise 3-4,restaurant,Elle commande ___ salade.,"['du', 'de la', 'de l’', 'des']",de la,"« Salade » est féminin singulier, donc on utilise « de la ».","“Salade” is feminine singular, so use “de la”.",« du » serait masculin.,Elle prend de la soupe.,1
partitifs-016,partitifs,A2 CECR / Échelle québécoise 3-4,cuisine,Ajoute ___ ail dans la sauce.,"['du', 'de la', 'de l’', 'des']",de l’,"« Ail » commence par une voyelle, donc on utilise « de l’ ».","“Ail” begins with a vowel, so use “de l’”.",« du ail » ne se dit pas.,Ajoute de l’oignon.,1
partitifs-017,partitifs,A2 CECR / Échelle québécoise 3-4,café,Je mets ___ sucre dans mon café.,"['du', 'de la', 'de l’', 'des']",du,"« Sucre » est masculin singulier, donc on utilise « du ».","“Sucre” is masculine singular, so use “du”.",« de la » serait féminin.,Je mets du lait.,1
partitifs-018,partitifs,A2 CECR / Échelle québécoise 3-4,épicerie,Il faut acheter ___ œufs.,"['du', 'de la', 'de l’', 'des']",des,"« Œufs » est pluriel, donc on utilise « des ».","“Œufs” is plural, so use “des”.",« de l’ » est singulier.,Il achète des oranges.,1
partitifs-019,partitifs,A2 CECR / Échelle québécoise 3-4,repas,Je ne mange pas ___ viande.,"['du', 'de la', 'de l’', 'de']",de,"À la forme négative, « de la » devient « de ».","In the negative form, “de la” becomes “de”.",« de la » change après « pas ».,Je ne mange pas de porc.,1
partitifs-020,partitifs,A2 CECR / Échelle québécoise 3-4,cuisine,Nous buvons ___ jus d’orange.,"['du', 'de la', 'de l’', 'des']",du,"« Jus » est masculin singulier, donc on utilise « du ».","“Jus” is masculine singular, so use “du”.","« de l’ » dépend du nom principal, ici « jus ».",Nous buvons du lait.,1
partitifs-021,partitifs,A2 CECR / Échelle québécoise 3-4,épicerie,Elle prend ___ pommes de terre.,"['du', 'de la', 'de l’', 'des']",des,"« Pommes de terre » est pluriel, donc on utilise « des ».","“Pommes de terre” is plural, so use “des”.",« de la » serait singulier féminin.,Elle prend des carottes.,1
partitifs-022,partitifs,A2 CECR / Échelle québécoise 3-4,restaurant,Je veux ___ eau pétillante.,"['du', 'de la', 'de l’', 'des']",de l’,"« Eau » commence par une voyelle, donc on utilise « de l’ ».","“Eau” begins with a vowel, so use “de l’”.",« de la eau » est incorrect.,Je veux de l’eau froide.,1
partitifs-023,partitifs,A2 CECR / Échelle québécoise 3-4,cuisine,Tu as ___ sel?,"['du', 'de la', 'de l’', 'des']",du,"« Sel » est masculin singulier, donc on utilise « du ».","“Sel” is masculine singular, so use “du”.",« de la » serait féminin.,Tu as du poivre?,1
partitifs-024,partitifs,A2 CECR / Échelle québécoise 3-4,épicerie,Je n’ai pas ___ argent.,"['du', 'de la', 'de l’', 'd’']",d’,"À la négation, « de l’ » devient « d’ » devant une voyelle.","In the negative, “de l’” becomes “d’” before a vowel.",« de l’ » change après « pas ».,Je n’ai pas d’énergie.,1
partitifs-025,partitifs,A2 CECR / Échelle québécoise 3-4,repas,Ils mangent ___ fromage.,"['du', 'de la', 'de l’', 'des']",du,"« Fromage » est masculin singulier, donc on utilise « du ».","“Fromage” is masculine singular, so use “du”.",« des » serait pluriel.,Ils mangent du pain.,1
partitifs-026,partitifs,A2 CECR / Échelle québécoise 3-4,cuisine,Elle prépare ___ sauce tomate.,"['du', 'de la', 'de l’', 'des']",de la,"« Sauce » est féminin singulier, donc on utilise « de la ».","“Sauce” is feminine singular, so use “de la”.",« du » serait masculin.,Elle prépare de la pâte.,1
partitifs-027,partitifs,A2 CECR / Échelle québécoise 3-4,déjeuner,Je prends ___ yogourt.,"['du', 'de la', 'de l’', 'des']",du,"« Yogourt » est masculin singulier, donc on utilise « du ».","“Yogourt” is masculine singular, so use “du”.",« de la » serait féminin.,Je prends du granola.,1
partitifs-028,partitifs,A2 CECR / Échelle québécoise 3-4,épicerie,Nous n’achetons pas ___ bananes.,"['des', 'de', 'du', 'de la']",de,"À la forme négative, « des » devient souvent « de ».","In the negative form, “des” often becomes “de”.",« des » change après « pas ».,Nous n’achetons pas de pommes.,1
partitifs-029,partitifs,A2 CECR / Échelle québécoise 3-4,restaurant,Elle veut ___ frites avec son sandwich.,"['du', 'de la', 'de l’', 'des']",des,"« Frites » est pluriel, donc on utilise « des ».","“Frites” is plural, so use “des”.",« de la » serait singulier féminin.,Elle mange des légumes.,1
partitifs-030,partitifs,A2 CECR / Échelle québécoise 3-4,cuisine,Je mets ___ huile dans la poêle.,"['du', 'de la', 'de l’', 'des']",de l’,"« Huile » commence par un h muet, donc on utilise « de l’ ».","“Huile” begins with a silent h/vowel sound, so use “de l’”.",« de la huile » est incorrect.,Je mets de l’eau.,1
possessifs-001,possessifs,A2 CECR / Échelle québécoise 3-4,famille,Je présente ___ frère à mon ami.,"['mon', 'ma', 'mes', 'ton']",mon,On utilise « mon » avec un nom masculin singulier.,Use “mon” with a masculine singular noun.,« ma » serait féminin.,Je présente mon père.,1
possessifs-002,possessifs,A2 CECR / Échelle québécoise 3-4,famille,Je présente ___ sœur à mon ami.,"['mon', 'ma', 'mes', 'son']",ma,On utilise « ma » avec un nom féminin singulier.,Use “ma” with a feminine singular noun.,"« mon » serait masculin, sauf devant voyelle.",Je présente ma mère.,1
possessifs-003,possessifs,A2 CECR / Échelle québécoise 3-4,objets,Où sont ___ clés?,"['mon', 'ma', 'mes', 'ta']",mes,On utilise « mes » avec un nom pluriel.,Use “mes” with a plural noun.,« ma » serait singulier féminin.,Mes livres sont ici.,1
possessifs-004,possessifs,A2 CECR / Échelle québécoise 3-4,école,J’ai oublié ___ cahier.,"['mon', 'ma', 'mes', 'tes']",mon,"« Cahier » est masculin singulier, donc on utilise « mon ».","“Cahier” is masculine singular, so use “mon”.",« ma » serait féminin.,Mon stylo est bleu.,1
possessifs-005,possessifs,A2 CECR / Échelle québécoise 3-4,santé,Elle parle à ___ médecin.,"['son', 'sa', 'ses', 'leur']",son,"« Médecin » est masculin singulier, donc on utilise « son ».","“Médecin” is masculine singular, so use “son”.",« sa » serait féminin.,Son dentiste est gentil.,1
possessifs-006,possessifs,A2 CECR / Échelle québécoise 3-4,maison,Ils aiment ___ appartement.,"['leur', 'leurs', 'son', 'ses']",leur,"« Appartement » est singulier, donc on utilise « leur » pour plusieurs personnes qui possèdent une chose.",Use “leur” for one thing owned by several people.,« leurs » serait pluriel.,Leur maison est grande.,1
possessifs-007,possessifs,A2 CECR / Échelle québécoise 3-4,maison,Ils rangent ___ chaussures.,"['leur', 'leurs', 'son', 'sa']",leurs,"« Chaussures » est pluriel, donc on utilise « leurs ».","“Chaussures” is plural, so use “leurs”.",« leur » serait singulier.,Leurs enfants jouent.,1
possessifs-008,possessifs,A2 CECR / Échelle québécoise 3-4,travail,Nous appelons ___ patron.,"['notre', 'nos', 'votre', 'vos']",notre,"« Patron » est singulier, donc on utilise « notre ».","“Patron” is singular, so use “notre”.",« nos » serait pluriel.,Notre bureau est fermé.,1
possessifs-009,possessifs,A2 CECR / Échelle québécoise 3-4,école,Vous prenez ___ livres?,"['votre', 'vos', 'notre', 'nos']",vos,"« Livres » est pluriel, donc on utilise « vos ».","“Livres” is plural, so use “vos”.",« votre » serait singulier.,Vos cahiers sont là.,1
possessifs-010,possessifs,A2 CECR / Échelle québécoise 3-4,famille,Il accompagne ___ amie.,"['son', 'sa', 'ses', 'leur']",son,"Devant un nom féminin singulier qui commence par une voyelle, on utilise « son ».",Use “son” before a feminine singular noun starting with a vowel.,« sa amie » est incorrect.,Son école est loin.,1
possessifs-011,possessifs,A2 CECR / Échelle québécoise 3-4,famille,Tu visites ___ parents ce soir?,"['ton', 'ta', 'tes', 'son']",tes,"« Parents » est pluriel, donc on utilise « tes ».","“Parents” is plural, so use “tes”.",« ton » serait singulier masculin.,Tes amis arrivent.,1
possessifs-012,possessifs,A2 CECR / Échelle québécoise 3-4,travail,Je rencontre ___ voisin.,"['mon', 'ma', 'mes', 'notre']",mon,"« Voisin » est masculin singulier, donc on utilise « mon ».","“Voisin” is masculine singular, so use “mon”.",« ma » serait féminin; « mes » serait pluriel.,Mon collègue travaille.,1
possessifs-013,possessifs,A2 CECR / Échelle québécoise 3-4,transport,Elle cherche ___ carte OPUS.,"['son', 'sa', 'ses', 'leur']",sa,"« Carte » est féminin singulier, donc on utilise « sa ».","“Carte” is feminine singular, so use “sa”.",« son » serait masculin ou féminin devant voyelle.,Sa voiture est blanche.,1
possessifs-014,possessifs,A2 CECR / Échelle québécoise 3-4,maison,Je lave ___ vêtements.,"['mon', 'ma', 'mes', 'ton']",mes,"« Vêtements » est pluriel, donc on utilise « mes ».","“Vêtements” is plural, so use “mes”.",« mon » serait singulier.,Mes pantalons sont propres.,1
possessifs-015,possessifs,A2 CECR / Échelle québécoise 3-4,école,Tu écris ___ nom sur la feuille.,"['ton', 'ta', 'tes', 'sa']",ton,"« Nom » est masculin singulier, donc on utilise « ton ».","“Nom” is masculine singular, so use “ton”.",« ta » serait féminin.,Ton prénom est ici.,1
possessifs-016,possessifs,A2 CECR / Échelle québécoise 3-4,santé,Vous avez ___ carte d’assurance maladie?,"['votre', 'vos', 'notre', 'nos']",votre,"« Carte » est singulier, donc on utilise « votre ».","“Carte” is singular, so use “votre”.",« vos » serait pluriel.,Votre rendez-vous est confirmé.,1
possessifs-017,possessifs,A2 CECR / Échelle québécoise 3-4,loisirs,Nous invitons ___ amis.,"['notre', 'nos', 'votre', 'vos']",nos,"« Amis » est pluriel, donc on utilise « nos ».","“Amis” is plural, so use “nos”.",« notre » serait singulier.,Nos voisins arrivent.,1
possessifs-018,possessifs,A2 CECR / Échelle québécoise 3-4,famille,Elle parle avec ___ mère.,"['son', 'sa', 'ses', 'leur']",sa,"« Mère » est féminin singulier, donc on utilise « sa ».","“Mère” is feminine singular, so use “sa”.",« son » serait masculin ou devant voyelle.,Sa tante habite ici.,1
possessifs-019,possessifs,A2 CECR / Échelle québécoise 3-4,appartement,Tu nettoies ___ chambre?,"['ton', 'ta', 'tes', 'mon']",ta,"« Chambre » est féminin singulier, donc on utilise « ta ».","“Chambre” is feminine singular, so use “ta”.",« ton » serait masculin ou devant voyelle.,Ta cuisine est belle.,1
possessifs-020,possessifs,A2 CECR / Échelle québécoise 3-4,travail,Ils présentent ___ projet.,"['leur', 'leurs', 'son', 'ses']",leur,"« Projet » est singulier, donc on utilise « leur ».","“Projet” is singular, so use “leur”.",« leurs » serait pluriel.,Leur plan est simple.,1
possessifs-021,possessifs,A2 CECR / Échelle québécoise 3-4,travail,Ils présentent ___ idées.,"['leur', 'leurs', 'son', 'sa']",leurs,"« Idées » est pluriel, donc on utilise « leurs ».","“Idées” is plural, so use “leurs”.",« leur » serait singulier.,Leurs questions sont bonnes.,1
possessifs-022,possessifs,A2 CECR / Échelle québécoise 3-4,famille,Je téléphone à ___ oncle.,"['mon', 'ma', 'mes', 'ta']",mon,"« Oncle » est masculin singulier, donc on utilise « mon ».","“Oncle” is masculine singular, so use “mon”.",« ma » serait féminin.,Mon cousin arrive.,1
possessifs-023,possessifs,A2 CECR / Échelle québécoise 3-4,famille,Je téléphone à ___ tante.,"['mon', 'ma', 'mes', 'ton']",ma,"« Tante » est féminin singulier, donc on utilise « ma ».","“Tante” is feminine singular, so use “ma”.",« mon » serait masculin.,Ma cousine arrive.,1
possessifs-024,possessifs,A2 CECR / Échelle québécoise 3-4,école,Il corrige ___ devoirs.,"['son', 'sa', 'ses', 'leur']",ses,"« Devoirs » est pluriel, donc on utilise « ses ».","“Devoirs” is plural, so use “ses”.",« son » serait singulier.,Ses exercices sont finis.,1
possessifs-025,possessifs,A2 CECR / Échelle québécoise 3-4,transport,Nous attendons ___ autobus.,"['notre', 'nos', 'votre', 'vos']",notre,"« Autobus » est singulier, donc on utilise « notre ».","“Autobus” is singular, so use “notre”.",« nos » serait pluriel.,Notre train arrive.,1
possessifs-026,possessifs,A2 CECR / Échelle québécoise 3-4,maison,Vous ouvrez ___ fenêtres?,"['votre', 'vos', 'notre', 'nos']",vos,"« Fenêtres » est pluriel, donc on utilise « vos ».","“Fenêtres” is plural, so use “vos”.",« votre » serait singulier.,Vos portes sont ouvertes.,1
possessifs-027,possessifs,A2 CECR / Échelle québécoise 3-4,santé,Elle prend ___ médicaments.,"['son', 'sa', 'ses', 'leur']",ses,"« Médicaments » est pluriel, donc on utilise « ses ».","“Médicaments” is plural, so use “ses”.",« son » serait singulier.,Ses lunettes sont cassées.,1
possessifs-028,possessifs,A2 CECR / Échelle québécoise 3-4,café,Tu prends ___ café?,"['ton', 'ta', 'tes', 'ma']",ton,"« Café » est masculin singulier, donc on utilise « ton ».","“Café” is masculine singular, so use “ton”.",« ta » serait féminin.,Ton thé est chaud.,1
possessifs-029,possessifs,A2 CECR / Échelle québécoise 3-4,ville,Je donne ___ adresse au secrétaire.,"['mon', 'ma', 'mes', 'ton']",mon,"Devant un nom féminin qui commence par une voyelle, on utilise « mon ».",Use “mon” before a feminine noun starting with a vowel.,« ma adresse » est incorrect.,Mon adresse est sur le formulaire.,1
possessifs-030,possessifs,A2 CECR / Échelle québécoise 3-4,administration,Vous signez ___ documents.,"['votre', 'vos', 'notre', 'nos']",vos,"« Documents » est pluriel, donc on utilise « vos ».","“Documents” is plural, so use “vos”.",« votre » serait singulier.,Vos formulaires sont prêts.,1
demonstratifs-001,demonstratifs,A2 CECR / Échelle québécoise 3-4,magasin,J’aime ___ manteau.,"['ce', 'cet', 'cette', 'ces']",ce,On utilise « ce » avec un nom masculin singulier qui commence par une consonne.,Use “ce” with a masculine singular noun starting with a consonant.,« cette » serait féminin.,Ce chandail est beau.,1
demonstratifs-002,demonstratifs,A2 CECR / Échelle québécoise 3-4,magasin,J’aime ___ chemise.,"['ce', 'cet', 'cette', 'ces']",cette,On utilise « cette » avec un nom féminin singulier.,Use “cette” with a feminine singular noun.,« ce » serait masculin.,Cette robe est jolie.,1
demonstratifs-003,demonstratifs,A2 CECR / Échelle québécoise 3-4,école,___ exercice est difficile.,"['Ce', 'Cet', 'Cette', 'Ces']",Cet,On utilise « cet » avec un nom masculin singulier qui commence par une voyelle.,Use “cet” with a masculine singular noun starting with a vowel.,« ce exercice » est incorrect.,Cet appartement est grand.,1
demonstratifs-004,demonstratifs,A2 CECR / Échelle québécoise 3-4,épicerie,Combien coûtent ___ pommes?,"['ce', 'cet', 'cette', 'ces']",ces,On utilise « ces » avec un nom pluriel.,Use “ces” with a plural noun.,« cette » serait singulier féminin.,Ces oranges sont bonnes.,1
demonstratifs-005,demonstratifs,A2 CECR / Échelle québécoise 3-4,transport,___ autobus va au centre-ville.,"['Ce', 'Cet', 'Cette', 'Ces']",Cet,"« Autobus » commence par une voyelle, donc on utilise « cet » au masculin singulier.","“Autobus” starts with a vowel, so use “cet” for masculine singular.",« ce autobus » est incorrect.,Cet homme attend.,1
demonstratifs-006,demonstratifs,A2 CECR / Échelle québécoise 3-4,maison,___ fenêtre est ouverte.,"['Ce', 'Cet', 'Cette', 'Ces']",Cette,"« Fenêtre » est féminin singulier, donc on utilise « cette ».","“Fenêtre” is feminine singular, so use “cette”.",« ce » serait masculin.,Cette porte est fermée.,1
demonstratifs-007,demonstratifs,A2 CECR / Échelle québécoise 3-4,restaurant,___ menu est en français.,"['Ce', 'Cet', 'Cette', 'Ces']",Ce,"« Menu » est masculin singulier avec consonne, donc on utilise « ce ».","“Menu” is masculine singular starting with consonant, so use “ce”.",« cet » s’utilise devant voyelle.,Ce repas est bon.,1
demonstratifs-008,demonstratifs,A2 CECR / Échelle québécoise 3-4,santé,___ infirmière est gentille.,"['Ce', 'Cet', 'Cette', 'Ces']",Cette,"« Infirmière » est féminin singulier, donc on utilise toujours « cette ».","“Infirmière” is feminine singular, so use “cette”.",« cet » est masculin devant voyelle.,Cette amie est gentille.,1
demonstratifs-009,demonstratifs,A2 CECR / Échelle québécoise 3-4,travail,___ collègues sont nouveaux.,"['Ce', 'Cet', 'Cette', 'Ces']",Ces,"« Collègues » est pluriel, donc on utilise « ces ».","“Collègues” is plural, so use “ces”.",« ce » serait singulier masculin.,Ces employés travaillent.,1
demonstratifs-010,demonstratifs,A2 CECR / Échelle québécoise 3-4,famille,Je connais ___ homme.,"['ce', 'cet', 'cette', 'ces']",cet,On utilise « cet » avec un nom masculin singulier qui commence par h muet ou voyelle.,Use “cet” with masculine singular nouns starting with a silent h or vowel.,« ce homme » est incorrect.,Cet hiver est froid.,1
demonstratifs-011,demonstratifs,A2 CECR / Échelle québécoise 3-4,loisirs,___ film est drôle.,"['Ce', 'Cet', 'Cette', 'Ces']",Ce,"« Film » est masculin singulier avec consonne, donc on utilise « ce ».","“Film” is masculine singular starting with consonant, so use “ce”.",« cette » serait féminin.,Ce livre est intéressant.,1
demonstratifs-012,demonstratifs,A2 CECR / Échelle québécoise 3-4,ville,___ rue est très connue.,"['Ce', 'Cet', 'Cette', 'Ces']",Cette,"« Rue » est féminin singulier, donc on utilise « cette ».","“Rue” is feminine singular, so use “cette”.",« ce » serait masculin.,Cette ville est grande.,1
demonstratifs-013,demonstratifs,A2 CECR / Échelle québécoise 3-4,administration,Je dois remplir ___ formulaire.,"['ce', 'cet', 'cette', 'ces']",ce,"« Formulaire » est masculin singulier avec consonne, donc on utilise « ce ».","“Formulaire” is masculine singular starting with consonant, so use “ce”.",« cet » s’utilise devant voyelle.,Ce document est important.,1
demonstratifs-014,demonstratifs,A2 CECR / Échelle québécoise 3-4,appartement,___ appartement est trop cher.,"['Ce', 'Cet', 'Cette', 'Ces']",Cet,"« Appartement » est masculin singulier et commence par une voyelle, donc on utilise « cet ».","“Appartement” is masculine singular and starts with a vowel, so use “cet”.",« ce appartement » est incorrect.,Cet immeuble est vieux.,1
demonstratifs-015,demonstratifs,A2 CECR / Échelle québécoise 3-4,épicerie,Je prends ___ bananes.,"['ce', 'cet', 'cette', 'ces']",ces,"« Bananes » est pluriel, donc on utilise « ces ».","“Bananes” is plural, so use “ces”.",« cette » serait singulier.,Ces fraises sont rouges.,1
demonstratifs-016,demonstratifs,A2 CECR / Échelle québécoise 3-4,météo,___ journée est froide.,"['Ce', 'Cet', 'Cette', 'Ces']",Cette,"« Journée » est féminin singulier, donc on utilise « cette ».","“Journée” is feminine singular, so use “cette”.",« ce » serait masculin.,Cette semaine est occupée.,1
demonstratifs-017,demonstratifs,A2 CECR / Échelle québécoise 3-4,école,___ école est près du métro.,"['Ce', 'Cet', 'Cette', 'Ces']",Cette,"« École » est féminin singulier, donc on utilise « cette ».","“École” is feminine singular, so use “cette”.",« cet » serait masculin devant voyelle.,Cette université est grande.,1
demonstratifs-018,demonstratifs,A2 CECR / Échelle québécoise 3-4,transport,Je prends ___ train demain.,"['ce', 'cet', 'cette', 'ces']",ce,"« Train » est masculin singulier avec consonne, donc on utilise « ce ».","“Train” is masculine singular starting with consonant, so use “ce”.",« cette » serait féminin.,Ce taxi arrive.,1
demonstratifs-019,demonstratifs,A2 CECR / Échelle québécoise 3-4,cuisine,___ sauce est épicée.,"['Ce', 'Cet', 'Cette', 'Ces']",Cette,"« Sauce » est féminin singulier, donc on utilise « cette ».","“Sauce” is feminine singular, so use “cette”.",« ce » serait masculin.,Cette soupe est chaude.,1
demonstratifs-020,demonstratifs,A2 CECR / Échelle québécoise 3-4,café,___ café est excellent.,"['Ce', 'Cet', 'Cette', 'Ces']",Ce,"« Café » est masculin singulier avec consonne, donc on utilise « ce ».","“Café” is masculine singular starting with consonant, so use “ce”.",« cette » serait féminin.,Ce thé est bon.,1
demonstratifs-021,demonstratifs,A2 CECR / Échelle québécoise 3-4,famille,___ enfants sont fatigués.,"['Ce', 'Cet', 'Cette', 'Ces']",Ces,"« Enfants » est pluriel, donc on utilise « ces ».","“Enfants” is plural, so use “ces”.",« cet » serait singulier.,Ces amis sont gentils.,1
demonstratifs-022,demonstratifs,A2 CECR / Échelle québécoise 3-4,santé,___ hôpital est loin.,"['Ce', 'Cet', 'Cette', 'Ces']",Cet,"« Hôpital » est masculin singulier avec h muet, donc on utilise « cet ».","“Hôpital” is masculine singular with silent h, so use “cet”.",« ce hôpital » est incorrect.,Cet hôtel est propre.,1
demonstratifs-023,demonstratifs,A2 CECR / Échelle québécoise 3-4,magasin,Je veux essayer ___ pantalon.,"['ce', 'cet', 'cette', 'ces']",ce,"« Pantalon » est masculin singulier, donc on utilise « ce ».","“Pantalon” is masculine singular, so use “ce”.",« ces » serait pluriel.,Ce manteau est chaud.,1
demonstratifs-024,demonstratifs,A2 CECR / Échelle québécoise 3-4,magasin,Je veux essayer ___ bottes.,"['ce', 'cet', 'cette', 'ces']",ces,"« Bottes » est pluriel, donc on utilise « ces ».","“Bottes” is plural, so use “ces”.",« cette » serait singulier.,Ces souliers sont noirs.,1
demonstratifs-025,demonstratifs,A2 CECR / Échelle québécoise 3-4,travail,___ réunion commence bientôt.,"['Ce', 'Cet', 'Cette', 'Ces']",Cette,"« Réunion » est féminin singulier, donc on utilise « cette ».","“Réunion” is feminine singular, so use “cette”.",« ce » serait masculin.,Cette pause est courte.,1
demonstratifs-026,demonstratifs,A2 CECR / Échelle québécoise 3-4,quartier,___ parc est tranquille.,"['Ce', 'Cet', 'Cette', 'Ces']",Ce,"« Parc » est masculin singulier avec consonne, donc on utilise « ce ».","“Parc” is masculine singular starting with consonant, so use “ce”.",« cette » serait féminin.,Ce quartier est calme.,1
demonstratifs-027,demonstratifs,A2 CECR / Échelle québécoise 3-4,maison,___ ordinateur est neuf.,"['Ce', 'Cet', 'Cette', 'Ces']",Cet,"« Ordinateur » est masculin singulier et commence par une voyelle, donc on utilise « cet ».","“Ordinateur” is masculine singular and starts with a vowel, so use “cet”.",« ce ordinateur » est incorrect.,Cet écran est grand.,1
demonstratifs-028,demonstratifs,A2 CECR / Échelle québécoise 3-4,loisirs,___ chansons sont connues.,"['Ce', 'Cet', 'Cette', 'Ces']",Ces,"« Chansons » est pluriel, donc on utilise « ces ».","“Chansons” is plural, so use “ces”.",« cette » serait singulier.,Ces films sont bons.,1
demonstratifs-029,demonstratifs,A2 CECR / Échelle québécoise 3-4,administration,___ lettre est officielle.,"['Ce', 'Cet', 'Cette', 'Ces']",Cette,"« Lettre » est féminin singulier, donc on utilise « cette ».","“Lettre” is feminine singular, so use “cette”.",« ce » serait masculin.,Cette carte est valide.,1
demonstratifs-030,demonstratifs,A2 CECR / Échelle québécoise 3-4,ville,___ arrêt est juste ici.,"['Ce', 'Cet', 'Cette', 'Ces']",Cet,"« Arrêt » est masculin singulier et commence par une voyelle, donc on utilise « cet ».","“Arrêt” is masculine singular and starts with a vowel, so use “cet”.",« ce arrêt » est incorrect.,Cet endroit est calme.,1
