title,url,source_credit,notes,status
Elvis Gratton: 8 répliques marquantes,https://www.youtube.com/watch?v=6RQUk-G8XF4,"YouTube externe, maprofdefrançais",Utilisable comme lien pédagogique autour d’Elvis Gratton.,candidate_verified_search_result
Elvis Wong - Elvis Gratton,https://www.youtube.com/watch?v=SkTzXD6zO2o,"YouTube externe, MrBourru","Extrait Elvis Gratton, vérifier droits et crédit.",candidate_verified_search_result
"RBO, Histoire du Québec 1962-1970",https://www.youtube.com/watch?v=rUeHzgAvXxo,Chaîne officielle RBO,"Bon candidat, source officielle apparente.",candidate_verified_search_result
"RBO, Histoire du Québec 1971-1980",https://www.youtube.com/watch?v=Q36mFRpC0OU,Chaîne officielle RBO,"Bon candidat, source officielle apparente.",candidate_verified_search_result
"Le Cœur a ses raisons, fiche QfQ",https://guide.qfq.com/prod%3D9481,Qui fait Quoi,"Fiche contexte, pas nécessairement vidéo.",candidate_verified_search_result
"Le Cœur a ses raisons, répertoire MCC",https://repertoire.cinema.mcc.gouv.qc.ca/film/le-coeur-a-ses-raisons-260419/,Gouvernement du Québec,Contexte officiel/classification.,candidate_verified_search_result
"La fin du monde est à 7 heures, fiche QfQ",https://guidedev.qfq.com/prod%3D3218,Qui fait Quoi,Fiche contexte.,candidate_verified_search_result
"Bleu Poudre / 100 Limite, article",https://www.journaldequebec.com/2016/07/09/itaquinons-la-planete-i-taquiner-sans-limites,Journal de Québec,Contexte sur Bleu Poudre et 100 Limite.,candidate_verified_search_result
"Bonne fête Kevin, Know Your Meme",https://knowyourmeme.com/memes/un-mot-pour-kevin-a-word-for-kevin,Know Your Meme,"Fiche contexte, vidéo virale 2008.",candidate_verified_search_result
"Bonne fête Kevin, TVA/JDQ liste",https://www.tvanouvelles.ca/2025/02/14/les-5-videos-quebecoises-les-plus-marquantes-sur-youtube,TVA Nouvelles,Contexte médias sur vidéos virales québécoises.,candidate_verified_search_result
"J’ai l’doua, QUB",https://www.qub.ca/video/dutrineau-1132199984,QUB,Lien vidéo externe à vérifier.,candidate_verified_search_result
"Marc McDermott, contexte J’ai l’doua",https://fr.wikipedia.org/wiki/Marc_McDermott_%28Qu%C3%A9bec%29,Wikipédia,Contexte à vérifier avec source primaire si possible.,candidate_verified_search_result
"Yolande Ouellet / p’tit bum, Know Your Meme",https://knowyourmeme.com/memes/ou-est-ce-quil-est-le-ptit-bum-yolande-ouellet,Know Your Meme,Fiche contexte.,candidate_verified_search_result
"Vidéos virales québécoises, JDQ 2015",https://www.journaldequebec.com/2015/04/23/les-videos-quebecoises-les-plus-marquantes-de-lhistoire-de-youtube,Journal de Québec,Liste de repérage.,candidate_verified_search_result
"Vidéos YouTube marquantes, JDQ 2015",https://www.journaldequebec.com/2015/04/24/les-videos-youtube-qui-ont-marque-les-personnalites-du-web-quebecois,Journal de Québec,Liste/commentaires pour trouver les archives.,candidate_verified_search_result
Liste de memes québécois,https://knowyourmeme.com/memes/cultures/list-of-quebecer-memes,Know Your Meme,Liste de repérage à vérifier item par item.,candidate_verified_search_result
Les sacres en français québécois,https://usito.usherbrooke.ca/articles/th%C3%A9matiques/vincent_1,"Usito, Université de Sherbrooke",Source utile pour notes culturelles sur les sacres.,candidate_verified_search_result
"Français québécois, GDT",https://vitrinelinguistique.oqlf.gouv.qc.ca/fiche-gdt/fiche/26529994/francais-quebecois,OQLF,Source linguistique officielle pour définir français québécois.,candidate_verified_search_result
"Dépanneur, GDT",https://vitrinelinguistique.oqlf.gouv.qc.ca/fiche-gdt/fiche/1299675/depanneur,OQLF,Source officielle pour dépanneur.,candidate_verified_search_result
"Expressions québécoises, OQLF",https://vitrinelinguistique.oqlf.gouv.qc.ca/ressources-linguistiques/chroniques/lheure-juste-sur-les-expressions-quebecoises,OQLF,Source utile pour distinguer expressions et registre.,candidate_verified_search_result
